rank,id,full_name,headline,is_founder,current_role,current_company,city,country,region,sectors,company_stage,linkedin_url,overall_confidence,rank_score,source_urls,n_errors
1,p_cf5d0b4cb0c6294e,Tarık Demir,Tarık Demir - Co-Founder at Lisa AI,True,Co-Founder,Lisa AI,İstanbul,turkiye,turkiye,AI/ML,accelerator-backed,https://tr.linkedin.com/in/demirtarik,0.717,0.8977,https://tr.linkedin.com/in/demirtarik; https://jamanetwork.com/journals/jamapediatrics/fullarticle/2781743…,0
2,p_5b69bfd692b3a98e,Mustafa Girgin,Mustafa Girgin - Co Founder at Lucida AI - Enhance corporate,True,Co Founder,Lucida AI,İstanbul,turkiye,turkiye,AI/ML,seed,https://tr.linkedin.com/in/mustafagirgin,0.695,0.8545,https://tr.linkedin.com/in/mustafagirgin,0
3,p_9b424537c7117df9,Mustafa İçer,Mustafa İçer - Entrepreneur,True,Founder & CEO,Peopleoma,,turkiye,turkiye,"AI/ML, SaaS",seed,https://tr.linkedin.com/in/mustafaicer,0.71,0.8452,https://tr.linkedin.com/in/mustafaicer,0
4,p_07d24ea98e0c9630,Talha Salt,Talha Salt - Stealth FinTech Startup,True,Software Developer,Stealth FinTech Startup,Üsküdar,turkiye,turkiye,"AI/ML, Cybersecurity, Fintech, Healthtech",stealth,https://tr.linkedin.com/in/talhaio,0.723,0.8387,https://tr.linkedin.com/in/talhaio,0
5,p_aa354ad5e1099ca3,Babken Gevorgyan,"Babken Gevorgyan - Co-Founder, CPO at Layerswap",True,"Co-Founder, CPO",Layerswap,Yerevan,armenia,caucasus,"Edtech, Fintech",stealth,https://am.linkedin.com/in/babgev,0.723,0.8387,https://am.linkedin.com/in/babgev,0
6,p_6150dde5cddde0d3,Gökhan Hatipoğlu,Gökhan Hatipoğlu - co-CEO & co-founder at Virasoft,True,co-CEO & co-founder,Virasoft,,turkiye,turkiye,AI/ML,seed,https://tr.linkedin.com/in/gokhanhatipoglu,0.717,0.8347,https://tr.linkedin.com/in/gokhanhatipoglu,0
7,p_4bc1984ddb52441b,Julius Kopczewski,Julius Kopczewski - Founder & CEO ReadyCode Ltd,True,Founder & CEO,ReadyCode Ltd,,poland,cee,Gaming,seed,https://pl.linkedin.com/in/j-kopczewski,0.706,0.8331,https://pl.linkedin.com/in/j-kopczewski,0
8,p_68863c1920355945,Gigi Kurtanidze,Gigi Kurtanidze - AI SaaS Startup Founder,True,Founder,AI SaaS Startup,,georgia,caucasus,"AI/ML, SaaS",seed,https://ge.linkedin.com/in/gigikurtanidze,0.694,0.8313,https://ge.linkedin.com/in/gigikurtanidze,0
9,p_202f8a86e603c246,Pavlo L.,Pavlo L,True,CEO & Co-Founder,Trusty Gaming,,poland,cee,Gaming,,https://pl.linkedin.com/in/pavel-l,0.717,0.8281,https://pl.linkedin.com/in/pavel-l; https://lnkd.in/d9B-MZPc,0
10,p_642a0624c87dc6ae,Vusal Ibrahimli,Vusal Ibrahimli - Stealth AI Startup,True,,Stealth AI Startup,İstanbul,turkiye,turkiye,AI/ML,stealth,https://tr.linkedin.com/in/vusalibrahimli,0.71,0.8252,https://tr.linkedin.com/in/vusalibrahimli,0
11,p_00117e6f80b4c9be,Tomasz Ostrowski,Tomasz Ostrowski - Entrepreneur and founder of Andrex,True,Founder,Andrex Logistics Sp. z o.o.,,poland,cee,Logistics,,https://pl.linkedin.com/in/tomasz-ostrowski-nsr,0.694,0.8246,https://pl.linkedin.com/in/tomasz-ostrowski-nsr; http://be.net/gallery/54102681/Howling.,0
12,p_4a68ec17619c8f7c,Önder Çördük,Önder Çördük - Founder & Owner of T-ArtLog Logistics,True,Founder & Owner,T-ArtLog Logistics,İstanbul,turkiye,turkiye,Logistics,,https://tr.linkedin.com/in/ondercorduk,0.73,0.8082,https://tr.linkedin.com/in/ondercorduk,0
13,p_55dd591dc383fa2e,Yusuf C. Mülayim,Yusuf C,True,Founder,DMO,Antalya,turkiye,turkiye,Healthtech,,https://tr.linkedin.com/in/yusuf-c-mülayim-74667a7b,0.73,0.8082,https://tr.linkedin.com/in/yusuf-c-mülayim-74667a7b,0
14,p_c255b76c67d8581f,Batuhan Gökseven,Batuhan Gökseven - Founder & CEO - Pikap Lojistik,True,Founder & CEO,Pikap Lojistik,İstanbul,turkiye,turkiye,Logistics,,https://tr.linkedin.com/in/batuhan-gökseven-6939b07a,0.72,0.8067,https://tr.linkedin.com/in/batuhan-gökseven-6939b07a,0
15,p_96c6d28f48ab7f6a,Stefan Vogel,Stefan Vogel - Co-Founder - Gamers Playground,True,Co-Founder,Gamers Playground,,estonia,cee,"AI/ML, Gaming",funded,https://ee.linkedin.com/in/vaterpreneur,0.717,0.8047,https://ee.linkedin.com/in/vaterpreneur,0
16,p_90b1fcbd1f9a748b,Mert Gür,Mert Gür - Founder & CEO at Loop Games,True,Founder & CEO,Loop Games,Ankara,turkiye,turkiye,Gaming,,https://tr.linkedin.com/in/mertgur,0.7,0.8037,https://tr.linkedin.com/in/mertgur,0
17,p_409157fb4228dd30,Monica Moldovan,Monica Moldovan - Co-Founder @tenderly.ai,True,Co-Founder,tenderly.ai,Timişoara,romania,cee,"AI, AI/ML, Healthtech, Mobility, SaaS",,https://ro.linkedin.com/in/monicamoldovan,0.7,0.8037,https://ro.linkedin.com/in/monicamoldovan,0
18,p_d1f44f37c78fd01e,Dominykas Čeledinas,Dominykas Čeledinas - Co-Founder - Clarus.AI,True,Co-Founder,Clarus.AI,Vilnius,lithuania,cee,"AI/ML, Edtech, Fintech, Insurtech",,https://lt.linkedin.com/in/dominykas-čeledinas-7401432,0.7,0.8037,https://lt.linkedin.com/in/dominykas-čeledinas-7401432,0
19,p_9af32f0133edc6f4,Arman Mkhitarian,Arman Mkhitarian - Co Founder and CEO - AskMe LLC,True,Co Founder and CEO,AskMe LLC,Yerevan,armenia,caucasus,Edtech,,https://am.linkedin.com/in/arman-mkhitarian-1427391b0,0.7,0.8037,https://am.linkedin.com/in/arman-mkhitarian-1427391b0,0
20,p_083a6443e71fb68e,Gera Avagyan,Gera Avagyan - Co-Founder & CEO - Kidguru,True,Co-Founder & CEO,Kidguru,Yerevan,armenia,caucasus,Edtech,,https://am.linkedin.com/in/gera-avagyan-500a89320,0.7,0.8037,https://am.linkedin.com/in/gera-avagyan-500a89320,0
21,p_bd710e21f5347e10,Hrachya Yeghiazaryan,"Hrachya Yeghiazaryan - CEO, Founder - Direlli",True,"CEO, Founder",Direlli,Yerevan,armenia,caucasus,Edtech,,https://am.linkedin.com/in/hrachya-yeghiazaryan-16103b214,0.7,0.8037,https://am.linkedin.com/in/hrachya-yeghiazaryan-16103b214,0
22,p_04f4b5c522dd5595,Hakan KORAL,Hakan KORAL - Mate Logistics Şirketinde Founder,True,Founder,Mate Logistics,İstanbul,turkiye,turkiye,Logistics,,https://tr.linkedin.com/in/hakan-koral-5051a45b,0.7,0.8037,https://tr.linkedin.com/in/hakan-koral-5051a45b,0
23,p_629620fb7140dc1c,Omar Kohistani,"Omar Kohistani - Founder of Ai Afterlife Platform, Deathly.me",True,Founder,Deathly.me,İstanbul,turkiye,turkiye,AI/ML,,https://tr.linkedin.com/in/omar-kohistani,0.7,0.8037,https://tr.linkedin.com/in/omar-kohistani,0
24,p_b484dc8596326faa,Ciprian Macaveiu,Ciprian Macaveiu - Founder & CEO — Business Revolution AI Hub,True,Founder & CEO,Business Revolution AI Hub,Cluj,romania,cee,AI/ML,,https://ro.linkedin.com/in/ciprian-macaveiu-personal,0.7,0.8037,https://ro.linkedin.com/in/ciprian-macaveiu-personal,0
25,p_81504a56bfd2a079,Aydin Güvenler,"Aydin Güvenler - Founder, CEO - Demtaş Logistics İstanbul",True,"Founder, CEO",Demtaş Logistics,İstanbul,turkiye,turkiye,Logistics,,https://tr.linkedin.com/in/aydin-güvenler-367a0668,0.7,0.8037,https://tr.linkedin.com/in/aydin-güvenler-367a0668,0
26,p_78a9c90dd11e4969,Armen Grigoryan,"Armen Grigoryan - Co-founder, TrustForge AI, Where AI",True,Co-founder,TrustForge AI,Yerevan,armenia,caucasus,AI/ML,,https://am.linkedin.com/in/avgrig,0.7,0.8037,https://am.linkedin.com/in/avgrig,0
27,p_2cb70e8184e33450,Gurhan Surmeli,Gurhan Surmeli - Founder & CEO at Turing Global Logistics,True,Founder & CEO,Turing Global Logistics,İzmir,turkiye,turkiye,Logistics,,https://tr.linkedin.com/in/gurhan-surmeli-985b3852,0.7,0.8037,https://tr.linkedin.com/in/gurhan-surmeli-985b3852,0
28,p_956f7882f1a365c1,New Global Lojistik,New Global Lojistik - Founder - New Global Logistics,True,Founder,New Global Logistics,İstanbul,turkiye,turkiye,"Fintech, Logistics",,https://tr.linkedin.com/in/new-global-lojistik-05362a2a7,0.7,0.8037,https://tr.linkedin.com/in/new-global-lojistik-05362a2a7,0
29,p_61772defaae451da,Neda Mihai,Neda Mihai - Founder la Infinite Gaming,True,Founder,Infinite Gaming,Bucureşti,romania,cee,Gaming,,https://ro.linkedin.com/in/neda-mihai-0b3048a3,0.7,0.8037,https://ro.linkedin.com/in/neda-mihai-0b3048a3,0
30,p_fc1e3bff59fcb3ca,Ömer Faruk Bir,Ömer Faruk Bir - Co-Founder at Keep Games,True,Co-Founder,Keep Games,İstanbul,turkiye,turkiye,Gaming,,https://tr.linkedin.com/in/omerfarukbir,0.7,0.8037,https://tr.linkedin.com/in/omerfarukbir,0
31,p_597800d74af85b80,İsa Korkmaz,İsa Korkmaz - Co-founder at Navlungo -Helping businesses and,True,Co-founder,Navlungo,İzmir,turkiye,turkiye,"AI/ML, E-commerce, Logistics",,https://tr.linkedin.com/in/isa-korkmaz,0.69,0.8022,https://tr.linkedin.com/in/isa-korkmaz,0
32,p_371945fc61a37856,Hüseyin Koyuncuoğlu,Hüseyin Koyuncuoğlu - Fintech Dünyası - Founder,True,Founder,FinSaaS Ventures,İstanbul,turkiye,turkiye,Fintech,,https://tr.linkedin.com/in/hüseyin-koyuncuoğlu-bab50b102,0.69,0.8022,https://tr.linkedin.com/in/hüseyin-koyuncuoğlu-bab50b102,0
33,p_15efbab5419c37fa,Emre Güzer,Emre Güzer - Co-Founder & CEO at Lidio,True,Co-Founder & CEO,Lidio,New York,turkiye,turkiye,Fintech,,https://tr.linkedin.com/in/emreguzer,0.69,0.8022,https://tr.linkedin.com/in/emreguzer,0
34,p_d5c73ab56f6633e4,Samet Avcı,Samet Avcı - Founder @Av-Kar Logistics,True,Founder,Av-Kar Logistics,İstanbul,turkiye,turkiye,Logistics,,https://tr.linkedin.com/in/samet-avcı,0.69,0.8022,https://tr.linkedin.com/in/samet-avcı,0
35,p_b9908be5357f1a79,Valentin Găbăruță,"Valentin Găbăruță - Founder, Logistics Reformed",True,Founder,Logistics Reformed,Burlingame,romania,cee,Logistics,,https://ro.linkedin.com/in/valentin-găbăruță,0.69,0.8022,https://ro.linkedin.com/in/valentin-găbăruță,0
36,p_0235b6d7e3336dd8,Areg Gevorgyan,Areg Gevorgyan - CEO & Co-Founder at Labz.ai,True,CEO & Co-Founder,Labz.ai,Yerevan,armenia,caucasus,"AI/ML, Healthtech",,https://am.linkedin.com/in/areggevorgyan,0.69,0.8022,https://am.linkedin.com/in/areggevorgyan,0
37,p_9d9f5666c16c181d,Ernest Aharonyan,Ernest Aharonyan - Stealth Technology Startup,True,,Stealth Technology Startup,,armenia,caucasus,Edtech,stealth,https://am.linkedin.com/in/ernest-aharonyan,0.633,0.8021,https://am.linkedin.com/in/ernest-aharonyan,0
38,p_8cae588070abf574,Gor Nikoghosyan,Gor Nikoghosyan - Phoenix Systems LLC CEO and Founder,True,CEO and Founder,Phoenix Systems LLC,Yerevan,armenia,caucasus,E-commerce,,https://am.linkedin.com/in/gor-nikoghosyan-2193794b,0.67,0.7992,https://am.linkedin.com/in/gor-nikoghosyan-2193794b,0
39,p_66efdc361085611b,Aydin Uysal,Aydin Uysal - Kopilot Eğitim şirketinde Co-Founder,True,Co-Founder,Kopilot Eğitim,İstanbul,turkiye,turkiye,"AI/ML, Edtech",,https://tr.linkedin.com/in/aydin-uysal-347882b0,0.67,0.7992,https://tr.linkedin.com/in/aydin-uysal-347882b0,0
40,p_82fdf90561f93a9d,Valentin Gane,Valentin Gane - Founder at Wynn Gaming Trade,True,Founder,Wynn Gaming Trade,Bucharest,romania,cee,Gaming,,https://ro.linkedin.com/in/valentin-gane-18899624a,0.67,0.7992,https://ro.linkedin.com/in/valentin-gane-18899624a,0
41,p_90dcc3a5d0f7b434,Cankat Tigin Öztemiz,Cankat Tigin Öztemiz - CEO & Founder @gamegine,True,CEO & Founder,gamegine,,turkiye,turkiye,Gaming,,https://tr.linkedin.com/in/cankattiginoztemiz,0.728,0.7964,https://tr.linkedin.com/in/cankattiginoztemiz,0
42,p_1c8a26f0abaf892b,Mihai Gheza,Mihai Gheza - co-founder @machinations.io,True,Co-Founder,machinations.io,Bucharest,romania,cee,"AI/ML, Gaming",,https://ro.linkedin.com/in/mihaigheza,0.65,0.7962,https://ro.linkedin.com/in/mihaigheza,0
43,p_7a17621848d94179,Mustafa Fırtına,Mustafa Fırtına - Co-Founder at Grand Games,True,Co-Founder,Grand Games,İstanbul,turkiye,turkiye,Gaming,,https://tr.linkedin.com/in/mustafa-fırtına-abb66412b,0.65,0.7962,https://tr.linkedin.com/in/mustafa-fırtına-abb66412b,0
44,p_54c22aa50ad324fc,Erkan Gürel,Erkan Gürel - Co-Founder at Bigger,True,Co-Founder,Bigger,İstanbul,turkiye,turkiye,Gaming,,https://tr.linkedin.com/in/erkangurel,0.65,0.7962,https://tr.linkedin.com/in/erkangurel,0
45,p_c737ae2d667c7120,irakli todua,irakli todua - Co-Founder & CEO at ARTRON,True,Co-Founder & CEO,ARTRON,,georgia,caucasus,Edtech,,https://ge.linkedin.com/in/irakli-todua-3ba706418,0.706,0.7931,https://ge.linkedin.com/in/irakli-todua-3ba706418,0
46,p_c82190919f525baf,Andrzej Dabrowski,Andrzej Dabrowski - Founder @agentview,True,Founder,agentview,,poland,cee,AI/ML,,https://pl.linkedin.com/in/a-r-dabrowski,0.706,0.7931,https://pl.linkedin.com/in/a-r-dabrowski,0
47,p_3d02b9e5d481e898,Aram Khachatryan,"Aram Khachatryan - CEO, Co-Founder at NeoGraph Games LLC",True,"CEO, Co-Founder",NeoGraph Games LLC,,armenia,caucasus,"Edtech, Gaming",,https://am.linkedin.com/in/aram-khachatryan-6b5470186,0.694,0.7913,https://am.linkedin.com/in/aram-khachatryan-6b5470186,0
48,p_79460182ce8c5b46,Karen Ayvazyan,Karen Ayvazyan - CEO & Co-Founder @ iBet Agency,True,CEO & Co-Founder,iBet Agency,,armenia,caucasus,Gaming,,https://am.linkedin.com/in/karen-ayvazyan-812842197,0.694,0.7913,https://am.linkedin.com/in/karen-ayvazyan-812842197,0
49,p_126f15ce23682a94,Koray Özyurt,Koray Özyurt - Founder @ IDL Games,True,Founder,IDL Games,,turkiye,turkiye,Gaming,,https://tr.linkedin.com/in/k-ozyurt,0.694,0.7913,https://tr.linkedin.com/in/k-ozyurt,0
50,p_bf02c4300ccae9e7,Burak Erdem,Burak Erdem - PC Gaming Startup,True,,PC Gaming Startup,İstanbul,turkiye,turkiye,Gaming,,https://tr.linkedin.com/in/burak-erdem-61713351,0.683,0.7896,https://tr.linkedin.com/in/burak-erdem-61713351,0
51,p_8e7c42c3542ee915,Daniel Serban,Daniel Serban - Co-Founder at Lumexo & NONA Bakery,True,Co-Founder,Lumexo,,romania,cee,Gaming,,https://ro.linkedin.com/in/daniel-serban-693b66212,0.725,0.7844,https://ro.linkedin.com/in/daniel-serban-693b66212,0
52,p_16024606f52c3e07,Sinan Akkol,Sinan Akkol - Co-Founder @ GameDev.ist & Fiber Games,True,Co-Founder,Fiber Games,,turkiye,turkiye,Gaming,,https://tr.linkedin.com/in/sinanakkol,0.725,0.7844,https://tr.linkedin.com/in/sinanakkol,0
53,p_5b4a11da217a3e0b,Alik Sargsyan,"Alik Sargsyan - Founder/CEO at Ngene, Lecturer at AUA",True,Founder/CEO,Ngene,,armenia,caucasus,AI/ML,,https://am.linkedin.com/in/alik-sargsyan-216b6122,0.725,0.7844,https://am.linkedin.com/in/alik-sargsyan-216b6122,0
54,p_82afe8c8688eee21,Gözde Venedik,Gözde Venedik - Co-Founder at Help Steps & CleanMate,True,Co-Founder,Help Steps,,romania,cee,Healthtech,,https://ro.linkedin.com/in/gözde-venedik,0.725,0.7844,https://ro.linkedin.com/in/gözde-venedik,0
55,p_b5fb839743dd9b6a,Artur Kartshikyan,Artur Kartshikyan - Founder & CEO at Aeda:,True,Founder & CEO,Aeda,,armenia,caucasus,Fintech,,https://am.linkedin.com/in/arturkartshikyan,0.725,0.7844,https://am.linkedin.com/in/arturkartshikyan,0
56,p_49177da5f210643f,Ani Yuzbashyan,Ani Yuzbashyan - CEO & Founder of AgroSyunik,True,CEO & Founder,AgroSyunik,,armenia,caucasus,Climate,,https://am.linkedin.com/in/ani-yuzbashyan-71aa0b291,0.688,0.7788,https://am.linkedin.com/in/ani-yuzbashyan-71aa0b291,0
57,p_a8c7c977dc9a8230,Tudor Darie,Tudor Darie - Founder and CEO @ Fagura,True,Founder and CEO,Fagura,,romania,cee,Fintech,,https://ro.linkedin.com/in/tudordarie,0.688,0.7788,https://ro.linkedin.com/in/tudordarie,0
58,p_184b4ff3c7fa5838,Andrei Nicolae,Andrei Nicolae - CEO & Founder - Younichoice,True,CEO & Founder,Younichoice,,romania,cee,Edtech,,https://ro.linkedin.com/in/andrei-nicolae-youni,0.688,0.7788,https://ro.linkedin.com/in/andrei-nicolae-youni,0
59,p_5e91cbc343778139,Alex Govoreanu,"Alex Govoreanu - CEO & Founder Questo, Creator of",True,CEO & Founder,Questo,,romania,cee,AI/ML,,https://ro.linkedin.com/in/alexandrugovoreanu,0.688,0.7788,https://ro.linkedin.com/in/alexandrugovoreanu,0
60,p_cc06f74d85624a81,Anamaria Ungur,Anamaria Ungur - Co-Founder&CEO Syndical,True,Co-Founder&CEO,Syndical,,romania,cee,Healthtech,,https://ro.linkedin.com/in/anamaria-ungur,0.688,0.7788,https://ro.linkedin.com/in/anamaria-ungur,0
61,p_08425818724e205f,Alex Bardahan,Alex Bardahan - Founder of Extracta.ai,True,CEO,Fastapp Group,,romania,cee,"AI/ML, SaaS",,https://ro.linkedin.com/in/alexbardahan,0.688,0.7788,https://ro.linkedin.com/in/alexbardahan,0
62,p_4b96a22f19116da5,Yomi Kastro,"Yomi Kastro - Founder of Inveon, Inventures, inveon.ai",True,Founder and Managing Partner,Inveon,,turkiye,turkiye,AI/ML,,https://tr.linkedin.com/in/yomikastro,0.688,0.7788,https://tr.linkedin.com/in/yomikastro,0
63,p_5fe92d7de144dde9,CENK DOLUNAY,CENK DOLUNAY - Founder - VOLLMOND LOGISTICS,True,Founder,VOLLMOND LOGISTICS,,turkiye,turkiye,Logistics,,https://tr.linkedin.com/in/cenk-dolunay-a30b6426,0.688,0.7788,https://tr.linkedin.com/in/cenk-dolunay-a30b6426,0
64,p_ca41f63268af2deb,Berker Yenal,Berker Yenal - Co-Founder & CTO at QberX — QRegu,True,Co-Founder & CTO,QberX,,turkiye,turkiye,"AI/ML, Fintech",,https://tr.linkedin.com/in/berkeryenal,0.688,0.7788,https://tr.linkedin.com/in/berkeryenal,0
65,p_7066e9333fc3d16d,Serge Bou Karam,Serge Bou Karam - Global Operations Manager - Decomar Logistic,True,Global Operations Manager,Decomar Logistic,,romania,cee,Logistics,,https://ro.linkedin.com/in/serge-bou-karam-67295615,0.688,0.7788,https://ro.linkedin.com/in/serge-bou-karam-67295615,0
66,p_c9c24a75e61f00c6,Ayhan Yeniçeri,Ayhan Yeniçeri - Company Owner - Kendi İşim,True,Co-Founder,Fintech Global Teknoloji ve Yazılım A.Ş,,turkiye,turkiye,"Crypto/Web3, Fintech",,https://tr.linkedin.com/in/ayhan-yeniçeri-913390224,0.688,0.7788,https://tr.linkedin.com/in/ayhan-yeniçeri-913390224,0
67,p_e1883676c6d2931b,Büşra Koçak,Büşra Koçak - Co-Founder & CTO @ Semender AI,True,Co-Founder & CTO,Semender AI,,turkiye,turkiye,AI/ML,,https://tr.linkedin.com/in/akocakbusra,0.688,0.7788,https://tr.linkedin.com/in/akocakbusra,0
68,p_b6ba9e386ae103da,Andrey Mozheyko,Andrey Mozheyko - Co-founder & CTO at Itexus,True,Co-founder & CTO,Itexus,,poland,cee,"AI/ML, Fintech",,https://pl.linkedin.com/in/mozheyko,0.688,0.7788,https://pl.linkedin.com/in/mozheyko,0
69,p_e153ab40eebcf729,Marcel Piekarski,Marcel Piekarski - Co-founder @ Extentum AI,True,Co-founder,Extentum AI,,poland,cee,AI/ML,,https://pl.linkedin.com/in/marcel-piekarski,0.688,0.7788,https://pl.linkedin.com/in/marcel-piekarski,0
70,p_aeaae1fff07bdafe,Adrian M,"Adrian M - SaaS Founder, Agency Owner, Basketball Addict",True,SaaS and agency founder,Developmently,,romania,cee,SaaS,,https://ro.linkedin.com/in/adrian-m-76a016234,0.688,0.7788,https://ro.linkedin.com/in/adrian-m-76a016234,0
71,p_228dc09b88232541,Cosmin Dumitrache,Cosmin Dumitrache - Founder & CTO at Medic Chat,True,Founder & CTO,Medic Chat,,romania,cee,Healthtech,,https://ro.linkedin.com/in/dumitrachecosmin,0.688,0.7788,https://ro.linkedin.com/in/dumitrachecosmin,0
72,p_1b2ec57873df1401,Hüseyin Mert,Hüseyin Mert - Co-Founder at Tapsilat & CEO at MonoPayments,True,CEO,MonoPayments,,turkiye,turkiye,"AI/ML, Fintech",,https://tr.linkedin.com/in/hmert,0.688,0.7788,https://tr.linkedin.com/in/hmert,0
73,p_8bf06b3b0fe02684,Irina Ghazaryan,Irina Ghazaryan - Co-Founder & CEO Doctor Yan & ivee,True,Co-Founder & CEO,Doctor Yan,,armenia,caucasus,Healthtech,,https://am.linkedin.com/in/irinaghazaryan,0.688,0.7788,https://am.linkedin.com/in/irinaghazaryan,0
74,p_0d87ac5685594059,Timur Tül,Timur Tül - Founder at Sesvia,True,Founder,Sesvia,,turkiye,turkiye,"AI/ML, Crypto/Web3",,https://tr.linkedin.com/in/timurtul,0.688,0.7788,https://tr.linkedin.com/in/timurtul,0
75,p_4bae560657782f89,Alexander Yesayan,Alexander Yesayan - Co-Founder Firebird.ai Co-Founder Intent,True,Co-Founder,Firebird.ai,,armenia,caucasus,AI/ML,,https://am.linkedin.com/in/alexander-yesayan-0906ba43,0.688,0.7788,https://am.linkedin.com/in/alexander-yesayan-0906ba43,0
76,p_b0c44824649cd514,Mariam Meyroyan Kachachyan,Mariam Meyroyan Kachachyan - Co-founder of Eco Step Green,True,Co-founder,Eco Step Green Energy Solutions,,armenia,caucasus,Climate,,https://am.linkedin.com/in/mariam-meyroyan-kachachyan,0.688,0.7788,https://am.linkedin.com/in/mariam-meyroyan-kachachyan,0
77,p_f0ef1d031b6afa72,Ionel Popa,Ionel Popa - Founder and CEO at Genius Logistic,True,Founder and CEO,Genius Logistic,,romania,cee,Logistics,,https://ro.linkedin.com/in/ionel-popa-752bb1218,0.688,0.7788,https://ro.linkedin.com/in/ionel-popa-752bb1218,0
78,p_b6562d015cdb07f0,Denis Madroane,"Denis Madroane - SaaS Founder, AI Enthusiast",True,SaaS Founder,Home Designs AI,,romania,cee,"AI/ML, SaaS",,https://ro.linkedin.com/in/denis-madroane-9a4b85105,0.688,0.7788,https://ro.linkedin.com/in/denis-madroane-9a4b85105,0
79,p_4a0165fa95185bdb,Daniel T.,Daniel T,True,Co-Founder & CEO,WAM,Cluj,romania,cee,"AI/ML, Gaming",acquired,https://ro.linkedin.com/in/danieltamas,0.723,0.7787,https://ro.linkedin.com/in/danieltamas,0
80,p_761eb012654143bf,Okan Gokulu,Okan Gokulu - Founder and CEO of OSF Logistics,True,Founder and CEO,OSF Logistics,,turkiye,turkiye,Logistics,,https://tr.linkedin.com/in/okan-gokulu-a36aa2260,0.675,0.7769,https://tr.linkedin.com/in/okan-gokulu-a36aa2260,0
81,p_3c633df025c4d636,Nemanja Divjak Gamescom,Nemanja Divjak Gamescom - Co-Founder at Tummy Games,True,Co-Founder,Tummy Games,,serbia,cee,Gaming,,https://rs.linkedin.com/in/nemanja-divjak-🔜-gamescom-4113303,0.675,0.7769,https://rs.linkedin.com/in/nemanja-divjak-🔜-gamescom-4113303,0
82,p_c38a8982059f3dd3,Dumitru Condrea,"Dumitru Condrea - Founder NOVAFIN, Co-Founder Fintech Garden",True,Founder,NOVAFIN,,romania,cee,"Fintech, SaaS",,https://ro.linkedin.com/in/dcondrea,0.663,0.7751,https://ro.linkedin.com/in/dcondrea,0
83,p_c5f1178f218b06ee,Hasan Eray KUTLU,Hasan Eray KUTLU - Founder @ BrewShot AI ☕️ - LinkedIn,True,Founder,BrewShot AI,,turkiye,turkiye,"AI/ML, SaaS",,https://tr.linkedin.com/in/hasaneraykutlu,0.663,0.7751,https://tr.linkedin.com/in/hasaneraykutlu,0
84,p_f9fd5a598dc38199,Esra G.,Esra G,True,Co-Founder & Head of Growth & Partnerships,Codevia,Ankara,turkiye,turkiye,"AI/ML, Edtech, Fintech, Healthtech",acquired,https://tr.linkedin.com/in/esragökçe96,0.695,0.7745,https://tr.linkedin.com/in/esragökçe96,0
85,p_aa89f9c52077e5a8,Mary Zaitseva,Mary Zaitseva - Founder and CEO - FriendsFirst,True,Founder and CEO,FriendsFirst,Yerevan,armenia,caucasus,,,https://am.linkedin.com/in/mary-zaitseva,0.7,0.6871,https://am.linkedin.com/in/mary-zaitseva; https://lnkd.in/ezDaN8C6,0
86,p_9f8c010fe00efad6,Samvel Aghajanyan,Samvel Aghajanyan - CEO & Founder at Armenian Game Changers,True,CEO & Founder,Armenian Game Changers,Yerevan,armenia,caucasus,,,https://am.linkedin.com/in/samvel-aghajanyan-a823291a2,0.717,0.6447,https://am.linkedin.com/in/samvel-aghajanyan-a823291a2,0
87,p_4cc540068e19f1dd,Sadık Akgün,Sadık Akgün - SmartAi - Co-Founder,True,Co-Founder,SmartAi,Antalya,turkiye,turkiye,,,https://tr.linkedin.com/in/sadik-akgun,0.717,0.6447,https://tr.linkedin.com/in/sadik-akgun,0
88,p_fd661e732e2f119d,Eylül Sena Yetkin,Eylül Sena Yetkin - Co-Founder / Growth @MonitEye,True,Co-Founder / Growth,MonitEye,Mersin,turkiye,turkiye,,,https://tr.linkedin.com/in/eylül-sena-yetkin,0.717,0.6447,https://tr.linkedin.com/in/eylül-sena-yetkin,0
89,p_c01bfc7a65e183ee,Umut Kök,Umut Kök - Co-Founder,True,Co-Founder,Getir,İstanbul,turkiye,turkiye,,,https://tr.linkedin.com/in/umut-kök-477a31115,0.717,0.6447,https://tr.linkedin.com/in/umut-kök-477a31115,0
90,p_4671953c846dde61,Hamza Özköse,Hamza Özköse - Co-Founder at En Kıymetlim,True,Co-Founder,En Kıymetlim,İstanbul,turkiye,turkiye,,,https://tr.linkedin.com/in/hamza-özköse-960007190,0.717,0.6447,https://tr.linkedin.com/in/hamza-özköse-960007190,0
91,p_4b97e0693d09302d,İlgi Yılmaz,İlgi Yılmaz - Founder,True,Founder,Meslek Atölyesi,İstanbul,turkiye,turkiye,,,https://tr.linkedin.com/in/ilgi-yılmaz-50a053191,0.717,0.6447,https://tr.linkedin.com/in/ilgi-yılmaz-50a053191,0
92,p_34a117ff72a3ecfa,Mărioara Mihali,Mărioara Mihali - Co-Founder Rhythm Touch,True,Co-Founder,Rhythm Touch,Cluj,romania,cee,,,https://ro.linkedin.com/in/mărioara-mihali,0.717,0.6447,https://ro.linkedin.com/in/mărioara-mihali,0
93,p_f5dfd277ed79144e,Semen Pavlenko,Semen Pavlenko - Founder - SLVO Agency,True,Founder,SLVO Agency,Yerevan,armenia,caucasus,,,https://am.linkedin.com/in/semen-pavlenko-6838a7287,0.717,0.6447,https://am.linkedin.com/in/semen-pavlenko-6838a7287,0
94,p_0fc63a2b6c8cc8b6,Marty Meydan,Marty Meydan - FinTech Founder I Building Next Generation,True,Founder,,İstanbul,turkiye,turkiye,Fintech,,https://tr.linkedin.com/in/martymeydan,0.683,0.6396,https://tr.linkedin.com/in/martymeydan,0
95,p_834c9016806e93d1,Alexandru Petru,Alexandru Petru - CEO and Co-Founder at Vying Technologies OU,True,CEO and Co-Founder,Vying Technologies OU,Tallinn,estonia,cee,,,https://ee.linkedin.com/in/alexandru-petru-41a19347,0.667,0.6372,https://ee.linkedin.com/in/alexandru-petru-41a19347,0
96,p_bd0098e8403a2add,İSMAİL ÇİFTÇİ,İSMAİL ÇİFTÇİ - Founder & CEO of IMC Global,True,Founder & CEO,IMC Global,,turkiye,turkiye,,,https://tr.linkedin.com/in/ismail-çiftçi-23b467360,0.725,0.6344,https://tr.linkedin.com/in/ismail-çiftçi-23b467360,0
97,p_33f5fc3e5644656b,Gökhan Ceylan,Gökhan Ceylan - Founder at RiSK YOK,True,Founder,RiSK YOK,,turkiye,turkiye,,,https://tr.linkedin.com/in/gökhan-ceylan-3980a340,0.713,0.6326,https://tr.linkedin.com/in/gökhan-ceylan-3980a340,0
98,p_24513f68a1a28079,Garo Khorozian,Garo Khorozian - Founder & CEO - Khorozyan Intl LLC,True,Founder & CEO,Khorozyan Intl LLC,,armenia,caucasus,,,https://am.linkedin.com/in/garo-khorozian-08b8b6a0,0.707,0.6202,https://am.linkedin.com/in/garo-khorozian-08b8b6a0,0
99,p_c982ef18ede6de7f,Levon Galstyan,"Levon Galstyan - Co-Founder & Creative Mentor, Innovation",True,Co-Founder & Chief Development Officer,Global AM,,armenia,caucasus,,,https://am.linkedin.com/in/levon-galstyan-1811a813,0.707,0.6202,https://am.linkedin.com/in/levon-galstyan-1811a813,0
100,p_5b4adfb93b3db55b,Liana Babujyan,Liana Babujyan - Founder & Executive Director — Innovate,True,Founder & Executive Director,Innovate,,armenia,caucasus,,,https://am.linkedin.com/in/liana-babujyan-886756172,0.707,0.6202,https://am.linkedin.com/in/liana-babujyan-886756172,0
